<keymap version="1" name="Emacs copy" parent="Emacs">
  <action id="$Undo">
    <keyboard-shortcut first-keystroke="ctrl slash" />
    <keyboard-shortcut first-keystroke="ctrl z" />
  </action>
  <action id="ActivateTerminalToolWindow">
    <keyboard-shortcut first-keystroke="alt f12" />
    <keyboard-shortcut first-keystroke="ctrl back_quote" />
  </action>
  <action id="Editor Undo">
    <keyboard-shortcut first-keystroke="ctrl z" />
  </action>
  <action id="EditorPageUp">
    <keyboard-shortcut first-keystroke="page_up" />
    <keyboard-shortcut first-keystroke="alt v" />
  </action>
  <action id="EditorTab">
    <keyboard-shortcut first-keystroke="tab" />
  </action>
  <action id="Git.Branches" />
  <action id="HideSideWindows">
    <keyboard-shortcut first-keystroke="ctrl escape" />
  </action>
  <action id="QuickChangeScheme" />
  <action id="Replace">
    <keyboard-shortcut first-keystroke="shift alt 5" />
    <keyboard-shortcut first-keystroke="ctrl alt released r" />
  </action>
  <action id="Table-scrollUpChangeSelection">
    <keyboard-shortcut first-keystroke="page_up" />
    <keyboard-shortcut first-keystroke="alt v" />
  </action>
  <action id="Terminal.MoveToEditor">
    <keyboard-shortcut first-keystroke="shift ctrl back_quote" />
  </action>
  <action id="Terminal.OpenInTerminal">
    <keyboard-shortcut first-keystroke="shift ctrl o" />
  </action>
  <action id="Tree-scrollUpChangeSelection">
    <keyboard-shortcut first-keystroke="page_up" />
    <keyboard-shortcut first-keystroke="alt v" />
  </action>
</keymap>