<application>
  <component name="ProjectJdkTable">
    <jdk version="2">
      <name value="Python 3.8 (sheldon-v2)" />
      <type value="Python SDK" />
      <version value="Python 3.8.1" />
      <homePath value="$USER_HOME$/.virtualenvs/sheldon-v2/bin/python" />
      <roots>
        <classPath>
          <root type="composite">
            <root url="file://$USER_HOME$/.virtualenvs/sheldon-v2/lib/python3.8" type="simple" />
            <root url="file://$USER_HOME$/.virtualenvs/sheldon-v2/lib/python3.8/lib-dynload" type="simple" />
            <root url="file:///usr/lib64/python3.8" type="simple" />
            <root url="file:///usr/lib/python3.8" type="simple" />
            <root url="file://$USER_HOME$/.virtualenvs/sheldon-v2/lib/python3.8/site-packages" type="simple" />
            <root url="file://$USER_HOME$/Projects/Xapo/sheldon-v2/xapo_common_security/xc_misc" type="simple" />
            <root url="file://$USER_HOME$/Projects/Xapo/sheldon-v2/xapo_common_security/xc_wsclient" type="simple" />
            <root url="file://$USER_HOME$/Projects/Xapo/sheldon-v2/xapo_common_security/xc_webservice" type="simple" />
            <root url="file://$USER_HOME$/Projects/Xapo/sheldon-v2/xapo_common_security" type="simple" />
            <root url="file://$USER_HOME$/.PyCharmCE2019.2/system/python_stubs/1005091736" type="simple" />
            <root url="file://$APPLICATION_HOME_DIR$/helpers/python-skeletons" type="simple" />
            <root url="file://$APPLICATION_HOME_DIR$/helpers/typeshed/stdlib/3" type="simple" />
            <root url="file://$APPLICATION_HOME_DIR$/helpers/typeshed/stdlib/2and3" type="simple" />
            <root url="file://$APPLICATION_HOME_DIR$/helpers/typeshed/third_party/3" type="simple" />
            <root url="file://$APPLICATION_HOME_DIR$/helpers/typeshed/third_party/2and3" type="simple" />
          </root>
        </classPath>
        <sourcePath>
          <root type="composite" />
        </sourcePath>
      </roots>
      <additional ASSOCIATED_PROJECT_PATH="$USER_HOME$/Projects/Xapo/sheldon-v2" />
    </jdk>
    <jdk version="2">
      <name value="Python 3.8" />
      <type value="Python SDK" />
      <version value="Python 3.8.1" />
      <homePath value="/usr/bin/python3.8" />
      <roots>
        <classPath>
          <root type="composite">
            <root url="file:///usr/lib/python3.8" type="simple" />
            <root url="file:///usr/lib/python3.8/lib-dynload" type="simple" />
            <root url="file://$USER_HOME$/.local/lib/python3.8/site-packages" type="simple" />
            <root url="file://$USER_HOME$/Projects/Xapo/sheldon-v2/xapo_common_security/xc_misc" type="simple" />
            <root url="file://$USER_HOME$/Projects/Xapo/sheldon-v2/xapo_common_security/xc_wsclient" type="simple" />
            <root url="file://$USER_HOME$/Projects/Xapo/sheldon-v2/xapo_common_security/xc_webservice" type="simple" />
            <root url="file://$USER_HOME$/Projects/Xapo/sheldon-v2/xapo_common_security" type="simple" />
            <root url="file:///usr/lib/python3.8/site-packages" type="simple" />
            <root url="file://$USER_HOME$/.PyCharmCE2019.2/system/python_stubs/-1247971761" type="simple" />
            <root url="file://$APPLICATION_HOME_DIR$/helpers/python-skeletons" type="simple" />
            <root url="file://$APPLICATION_HOME_DIR$/helpers/typeshed/stdlib/3" type="simple" />
            <root url="file://$APPLICATION_HOME_DIR$/helpers/typeshed/stdlib/2and3" type="simple" />
            <root url="file://$APPLICATION_HOME_DIR$/helpers/typeshed/third_party/3" type="simple" />
            <root url="file://$APPLICATION_HOME_DIR$/helpers/typeshed/third_party/2and3" type="simple" />
          </root>
        </classPath>
        <sourcePath>
          <root type="composite" />
        </sourcePath>
      </roots>
      <additional />
    </jdk>
  </component>
</application>